Name,Age,City
Tyler,21,West Jenny
Mark,47,Holmesburgh
Nicole,33,Bakerbury
Kaitlyn,42,North Angela
Elizabeth,57,Ryanview
Ariana,31,South Maryfurt
Audrey,28,East Branditon
Deborah,29,Collinston
Lee,40,Thomasbury
Willie,42,Jenniferville
Antonio,52,Vincenthaven
Kara,35,West Jennifer
Robert,50,Cummingsland
Shannon,39,North Christopher
Stephanie,24,West Ryan
Misty,52,New David
Chris,27,Paynefort
Paul,40,Rodriguezton
Monica,50,Sarahshire
Kaitlyn,34,Andrewston
Amber,46,Zacharybury
Erin,56,Port Kristinborough
Shelly,47,New Melissashire
Mark,38,Smithbury
Lindsay,30,North Andrea
Christian,20,Poolechester
Donald,49,Aaronberg
Darren,27,Murphybury
Amanda,60,Port Alyssa
Angela,26,Johnsontown
Heather,36,South Andrea
Jessica,48,New Richard
Stephen,20,West Mariachester
Elizabeth,59,Charlesfurt
Alyssa,49,Fosterton
Eric,59,East Christopher
Andre,27,East James
Ashley,25,Barryberg
Christopher,50,Armstrongland
John,41,North Jonathan
Gina,32,Port Timothybury
Erika,42,Kevinfurt
Elizabeth,21,Bradfordton
John,59,North Jacqueline
Jessica,30,Port Luis
Roger,21,Colemanstad
Vanessa,30,Stephenfurt
Matthew,42,New James
Robert,45,Rodriguezville
Judy,36,North Jesse
Walter,35,Michaelberg
Loretta,51,East Angelaview
Nathan,23,Braunbury
Diane,31,Lake Jennifer
Ronald,27,New Brandon
Ronald,37,South Jennifermouth
Jorge,56,Mcneilville
Ian,21,West Alexischester
Kelli,31,Alexisport
Rachel,20,Lake Richard
Victoria,37,East Lisafurt
Jessica,31,Ericside
Douglas,20,East Scottton
Nancy,27,North Courtney
David,40,Wilsonmouth
Matthew,36,Hartmanchester
Timothy,44,Vegaberg
Daniel,32,Lisaview
Elizabeth,27,North Edward
Melanie,58,East Carloshaven
Amy,26,Sueville
Holly,22,Tiffanyport
Leslie,60,West Philip
Sandra,51,Stevenside
Lori,21,Ethanhaven
Daniel,60,New Courtneyside
Sharon,52,West Brett
Kevin,39,East Devon
Scott,38,Lake James
Elizabeth,51,Whitakerburgh
Michele,32,New Eugenefort
Cheryl,29,South Christinemouth
James,25,East Christopher
Sarah,30,Pattersonton
Adam,59,East Antonio
Kyle,50,Jensentown
Timothy,56,Harrisport
Ronnie,30,Darlenefurt
Justin,41,South Willie
Michelle,20,South James
Jeffrey,52,Bonniestad
Christine,37,Amyland
Ronald,32,Port Christopherberg
Daniel,51,Bobbyton
Isaiah,52,Brittanyville
Justin,27,Robertsonfurt
Jonathan,43,Port Brettville
Nicole,33,North Greg
Emma,38,Matthewberg
Peter,59,Youngshire
Samantha,52,Patriciachester
Jennifer,51,South Tyler
Mark,29,Lake Joseside
Derrick,37,Bernardchester
Melissa,34,Justintown
Julie,51,Port Alexanderton
Daniel,39,South Roberttown
Kelsey,59,East Natashastad
Lauren,28,North Yvonnetown
Emily,36,Lewisborough
Kathy,34,Jennatown
Chelsea,31,Timothyland
Justin,40,West Christopherfurt
Julie,35,Amytown
Christopher,20,Grossstad
David,30,Collinsview
Steven,44,East Kristina
Kelly,33,Port Taylor
Crystal,51,East Christopher
Jessica,41,Port Jennifertown
Gregory,26,East Kyle
Debra,37,Richardbury
John,55,Richardton
Kimberly,55,Lake Richardview
Julie,47,Brandonfort
John,21,East Suzanneburgh
Kristine,50,Wolfmouth
Taylor,28,West Victoriafurt
Jacqueline,46,West Melanieburgh
Cheyenne,32,Ochoastad
Alexis,38,East Gregoryview
Michele,47,Craighaven
Melinda,24,Jonesmouth
Michael,50,Jillianborough
Mark,59,North Davidville
Meghan,39,Port Markfort
Chase,34,Port Deborahberg
Natalie,44,Brandonside
James,35,Griffinfort
Rhonda,56,Joshuamouth
Jonathan,38,Port Marie
James,42,Carpenterfort
Donna,26,Robertsmouth
Jeanne,20,Melissaton
Barbara,27,East Jayville
Savannah,51,Josephchester
Alexandra,56,Oscarton
Ashley,54,New Anashire
Lauren,48,Kelliport
Stacy,46,Lake Jennifer
Joshua,39,New Robert
Ricky,43,Rodrigueztown
Harry,47,Knappmouth
Billy,57,East Travis
Kenneth,24,South Amyton
Shannon,47,Raymouth
Robert,24,West Jennifer
Lindsey,42,North Cherylchester
Daniel,31,South Nicoleport
Renee,23,Lake Andrew
Martha,59,East Robertburgh
Rebecca,57,Margaretbury
Gregory,35,Port Ryan
Jerry,31,Katherinetown
Michael,56,Allenland
Paul,51,South Heather
Tammy,36,North Benjaminborough
Jeremy,45,Kellymouth
Caitlyn,43,Smithview
Amanda,37,Marshallton
Michael,43,Port Jason
Darren,41,Lake Madelinehaven
Frederick,55,West Joehaven
Anna,30,South Elizabeth
Christine,23,Lake Emilyland
Sean,43,South Amy
Victoria,27,Kristinaton
Richard,24,Clineshire
Patrick,43,Port Lindseymouth
Peter,53,Lake Davidbury
Michael,34,Amyborough
Jessica,46,Shepherdbury
Gerald,57,Owensshire
Eric,38,South Donnatown
Deborah,47,North Brandon
Justin,40,North Lisaberg
James,20,Fletcherton
Stephanie,40,Michelleshire
Robert,26,West Robertborough
Tyler,54,West Jerryshire
Matthew,56,Hortonport
Lynn,52,South Susan
Joshua,36,Crystalfurt
Richard,59,Andrewchester
Jennifer,34,Port Erin
Shirley,57,West Maryberg
Renee,26,Port Valerie
Emily,24,South Tamara
Theresa,40,South Michelle
Denise,40,Port Michele
Stephanie,22,Owenston
Hunter,34,Matthewfurt
Henry,36,Davidmouth
Cheryl,32,Brettside
Jeremy,34,Ingramtown
Shelly,28,Rileyland
Stephanie,21,Dennisstad
Amy,21,New Jonmouth
Leah,57,Rebeccatown
Travis,22,Charlestown
Melissa,45,Jacobborough
Renee,58,New Melissa
Benjamin,24,West Jerry
Madison,24,North Katherine
John,35,Simmonsshire
Lori,50,Ramirezside
Bradley,56,North Cassandramouth
Wendy,42,Stephensstad
Emily,59,Parkfort
Randy,41,North Luisstad
Anthony,26,Brookeshire
Travis,35,New Lisa
Holly,30,New Kevinside
Theresa,59,South Kimborough
Crystal,38,Matthewbury
Ryan,52,Millertown
Bethany,56,Lake Wesley
Alexis,53,North Steven
Brianna,27,Lake Kellyburgh
Dustin,23,Williamberg
Charles,27,Vasquezshire
Brittany,20,Lake Charleston
Miranda,33,Prattberg
Isabel,50,Curtisstad
Melissa,35,East Vanessa
Lindsey,21,Laurabury
Renee,48,West Jesse
Nicole,54,New Heidi
Carrie,25,Harrisshire
Alan,35,Howellbury
Kathleen,52,Port Kevin
Jennifer,32,East Alexandra
Christopher,46,Lake Maurice
Christopher,21,West Sydney
Jennifer,54,Shannonburgh
Mary,23,Aaronbury
Carrie,35,West Stephenville
Christina,20,New Susan
Calvin,22,North Danielview
Michelle,22,Ericmouth
David,47,Port Danielstad
Jared,54,South Jennifer
Mary,46,Murphyview
Hector,59,Philiptown
Frederick,52,Walkerbury
Michele,46,New Teresastad
Jesse,43,West Alexander
Michael,46,Lake Hannahborough
Danielle,51,Laurastad
Steven,29,North Melissahaven
Tara,53,Robersonside
Todd,50,North Susanbury
Brent,37,East Shawnstad
Amy,45,Ryanfort
Colleen,37,Gonzaleshaven
Anthony,32,West Robertland
Jasmine,22,Ramirezfort
Cameron,38,Mcphersonside
Daniel,26,North Denisetown
Holly,47,Ryanfort
Jennifer,23,Lake Rebecca
Rebecca,44,New Jason
Jeremiah,59,Michelleburgh
Christine,50,Lake Douglashaven
Laura,52,East Nicholasmouth
John,49,West Ashley
Lisa,34,Russellbury
Kristi,21,Johnport
Jamie,33,East Theresa
Kevin,23,East Alexport
John,48,Williamland
Michelle,57,West Virginia
Nicholas,56,Tuckerfurt
Jennifer,48,North Brandon
Jeanette,46,New Jennifer
Charles,28,Cardenasside
Nancy,28,Alexanderberg
Yolanda,54,West Belinda
Amanda,46,Garzamouth
Jillian,41,Beckmouth
Dana,39,South Frank
Greg,36,Davidtown
Keith,27,Owensstad
Amanda,26,South Joshuabury
David,53,Popebury
Christine,54,East John
Stephen,58,Lake Bridget
Cathy,57,New Laura
Scott,26,Ianburgh
Brooke,43,West Cristian
Michelle,42,Hansenside
Anthony,28,Wardberg
Sandra,27,Bairdtown
David,51,South Sarah
Patricia,59,South Ambermouth
Samuel,39,Danielstad
Sandra,31,Port Cathyport
April,43,West Bethchester
Jessica,26,New Lisa
Steve,49,Colemouth
Roberto,27,Alisonberg
Kevin,26,Randallview
Amber,41,Reedland
Megan,57,New Shannon
Diane,50,New Katrinaberg
Mary,44,North Charles
Juan,21,Chasemouth
Shane,26,New Melissamouth
Savannah,48,Lake Timbury
Rebecca,36,East Jeffrey
Frank,40,Harrisonchester
Christopher,50,Carterland
Angelica,28,East Katherine
Helen,51,New Matthew
Gina,47,New Peter
Andrew,26,North Meredith
Amy,21,North Stephanie
Shelby,25,Port Rebeccaville
Dawn,21,East Josephmouth
Elizabeth,46,North Leahfort
Nancy,20,Hebertland
Christine,23,Alvarezside
Erin,34,North Joshuabury
Kimberly,47,Port Johnview
Latasha,22,South Wesleybury
Robert,38,South Cindyfort
Scott,56,Jacksonmouth
Stephanie,20,New Robin
John,49,Robertberg
Stephen,50,Fordfort
Lisa,29,South Samanthashire
Ann,35,Evansstad
Patricia,55,New John
Allen,44,Lake Frank
Tara,31,New James
Brandon,49,Tinashire
Catherine,41,Lake Michelleborough
Amanda,33,Lake Frankbury
Richard,48,Port Nicholas
Steven,42,Staceyfurt
Kevin,38,East Dakota
Kara,58,East Nathan
Jennifer,55,Hochester
Pam,49,North Larryview
Michael,37,East Veronica
Hector,41,Port Sherrychester
Jasmine,20,Wardborough
Lisa,35,Shawfurt
Kristine,29,Julieshire
Linda,38,Tylerbury
Frank,34,Lake Mary
Brian,52,Mccallstad
Alisha,58,North Heather
Mary,31,Masonhaven
Pamela,56,Harrischester
Adriana,56,South Jonathan
Jeanne,50,West Jonathanburgh
Stephanie,36,Carrieland
Christopher,44,Lake Tracimouth
Richard,23,North Amandamouth
Michael,53,East Bradleyburgh
Connie,46,North Melissa
Michelle,51,Port Karenshire
Jean,46,Lake Katherine
Sandra,43,Jenniferborough
Beth,26,Wendymouth
Daniel,54,Ronaldside
Hannah,31,West Kristen
Christopher,52,Stephensonburgh
Laura,24,Anthonyport
Tammy,34,Brettland
Lee,45,Joshuatown
Kari,59,Lake John
Cheryl,36,Cartermouth
Kaitlyn,50,Port Andrewburgh
Sandra,31,West Mark
Samuel,45,Leehaven
Lori,24,West Patrick
Nathaniel,39,Lake Jeffreychester
Paul,46,Crystalland
Joseph,48,Nolanport
Elizabeth,59,North Stephanie
Teresa,31,Jeremyfurt
Daniel,45,North Territown
Michael,26,East Christopher
Michael,30,South Robert
Renee,23,Wesleybury
Amber,39,Adamberg
Jennifer,55,Lawsonview
Ashley,53,Joshuashire
Curtis,20,Hernandezberg
James,48,South Michaelside
Gerald,50,Sandovalmouth
Tiffany,42,Leefurt
Matthew,38,West Erin
Crystal,55,Frankton
Alisha,22,Susanville
Todd,53,North Ashley
Ian,21,Lake Lisaborough
Jeremy,32,North Tina
Steven,53,West Jenna
Denise,21,New Jenniferland
Bobby,46,New Michaelstad
Bryan,58,Lovetown
Deanna,31,Laurenland
Laura,37,South Hannahfort
Gregory,22,Larryton
Jade,46,Walkerborough
Michael,35,Suttonchester
Lori,22,Sarahland
James,35,Lake Danielborough
Alyssa,43,Port Lynn
Alexander,39,Robinsonside
Timothy,43,Stevenberg
Carla,42,Lake Jackson
David,52,Robertside
John,56,Calderontown
Steven,51,South Karenton
Gregory,22,Suttonport
Amy,33,North Bradley
Jessica,35,East David
Larry,46,Norrisland
Nicholas,54,Ericaborough
Donald,24,Amandashire
Courtney,33,Stevenfort
Patricia,22,North Brandon
Benjamin,45,Lake Devinton
Brenda,25,South Dawnstad
Johnny,60,Williamsfort
David,20,New Bethany
Ashley,41,Johnsonport
Jesus,22,Lake Davidstad
Jessica,22,Hawkinsmouth
Zachary,52,East Mistyfurt
William,48,Kimberlymouth
Jennifer,50,Cynthiafurt
Amy,43,East Whitney
Ralph,32,Elizabethside
Danielle,55,South Lisa
Carl,36,Samanthaland
Steven,26,North Makaylaside
Jim,39,Millerfort
Matthew,33,Clarkburgh
Donald,25,Thompsonville
Randy,43,Donaldside
Paul,45,East Stephanie
Mary,30,Toddburgh
William,29,South Jennifer
Sharon,47,Port Jessica
Edward,52,Wilsonstad
Keith,58,Wilkinsonhaven
Jennifer,32,Jeanshire
Stacey,52,Jeremiahshire
Chelsea,47,Lake Julie
Darren,52,Acostaport
Nathaniel,44,East Candice
Brandon,42,North Katherineton
Lawrence,27,North Kenneth
Todd,53,Davishaven
Kathryn,30,North Connor
Teresa,48,West Amyfort
Danielle,32,West Rebecca
Michele,26,New Jerryland
Alexander,58,West Jamesside
Hannah,46,Hernandezhaven
Gail,29,Collinsmouth
Alexandra,42,North Zachary
Lee,29,West Cory
Sheila,60,South Patriciaview
John,38,New Amy
Victoria,37,Mariaberg
Ashley,57,Villanuevafort
Emily,60,South Savannah
Jennifer,44,Sheltonfurt
Andrea,55,North Zacharyville
Anna,37,New Ashleyland
Trevor,53,Cooperfurt
Jodi,38,Harriston
Joseph,44,West Mark
Charles,29,Martinezfurt
Christopher,53,Campbellmouth
April,26,New Pamela
Jason,41,West Juan
Lauren,56,Lake Rachelborough
Jimmy,26,West Jeffrey
Sheila,36,Kingchester
Elizabeth,59,New Richardville
Steven,43,Lake Vernon
Nicholas,20,Port Alyssa
Stacey,43,West Karina
Lisa,27,East William
Michael,55,Melissaburgh
Kimberly,27,South Tamaraton
Lisa,27,Henrymouth
Wesley,36,Lisaburgh
Mary,23,North Manuelfurt
Christine,24,Lake Ericfurt
Adam,30,Zunigastad
Paul,52,Philipburgh
Lori,41,West Daniel
April,60,Simmonsshire
Douglas,38,Garyburgh
Madison,40,Garciashire
Sherri,39,Barryport
Daniel,46,Wareberg
Sabrina,49,North Dennis
William,36,Rasmussenmouth
Scott,49,South Timothyburgh
Joel,42,Poncefurt
Linda,55,Kingmouth
Bridget,27,Hallhaven
Matthew,26,Waltonville
Seth,36,Jasonview
Amber,40,Velasquezside
Norma,32,Kirbyview
Aaron,37,Maryfurt
Lee,48,Port Courtneyfurt
Mark,48,New Cynthia
Joseph,38,West Kaitlin
Keith,20,Dustinshire
Makayla,39,Stephenside
William,46,Matthewland
Charles,44,Port Deborahstad
Joyce,36,North Dennis
Robin,56,Rebeccafort
Dawn,49,South Derrick
Samantha,34,Port Kelly
Alexis,49,Taylorfurt
Angela,49,South Theresa
Jeremy,57,Davefurt
Katherine,56,Dudleyland
Amber,32,North Kennethhaven
Jacqueline,47,Gonzalezmouth
Sydney,33,Port Nataliehaven
Glenn,59,Edwardbury
Amy,28,North Moniquetown
Eric,41,Bishopton
Logan,34,Port Kellitown
Jenny,51,South Sandraburgh
Angelica,48,West Brettbury
Amy,52,Lake Jennifermouth
Ronald,20,West Lisafort
Maria,48,Port Lorimouth
Tiffany,54,East Jorge
Teresa,31,West Sarahville
James,43,Antoniomouth
Joseph,31,Lake Jaredfort
Kimberly,21,South Sharonshire
Tonya,55,North Cheryl
Kristen,46,North Gloria
Sandra,58,New Gregoryview
Robin,20,Velazquezhaven
Nancy,40,Brandyfurt
Christopher,56,Lake Melissafort
Kenneth,25,Rileytown
Latoya,29,Port Danielleside
James,42,Natalieshire
Danielle,32,Fordview
David,55,Matthewstad
Heather,37,Rowefurt
Patricia,46,Port Ashleyfurt
Jeremy,37,Thomasport
Samantha,33,Morenofurt
Matthew,30,Wattsburgh
Jeremy,44,Port Shawn
Thomas,45,Lesterfurt
Joseph,28,Kingfort
Karen,57,Munozberg
James,45,Cooperfort
Alexander,52,North Wesleyton
Kimberly,32,Lake Debra
David,33,Port Tracy
Jeremy,57,West Keithbury
Shaun,43,North Angelaberg
Christopher,42,Lisafort
Holly,29,Aliciatown
John,52,Christopherton
Kevin,52,Josetown
Zachary,41,Lake Samantha
Tony,57,Port Jon
Pamela,53,Peterview
James,34,South Kevinville
Andrew,28,West Andrew
Sarah,24,North Deannafurt
Frances,54,Robinsonstad
Miguel,40,Savannahtown
Rebecca,41,East Loganfurt
Cathy,43,East Gina
Justin,30,Davidfurt
Michael,24,Jaredfurt
Brian,25,New Michaelburgh
Melissa,28,New Mark
Valerie,49,Garciaberg
Karen,58,Harrisonburgh
Michele,25,East Justin
Kim,28,Gardnerton
Wyatt,48,Susanberg
Jeffrey,31,East Amanda
Stephen,37,Byrdfurt
David,49,South Keithmouth
Katherine,21,Butlermouth
Denise,25,Hollowayville
Kayla,37,New Kevin
Allison,55,Lake Geoffreyfort
Brian,32,Chavezport
Sheila,44,Edwardland
Jillian,60,Lake Alanfort
Beth,41,Woodsmouth
Bryan,32,Torreschester
Martha,28,Cardenaston
Michael,54,Port Linda
Barry,39,Lake Lisahaven
Andrea,38,Curtisfurt
Nathaniel,52,North Kennethbury
Laura,42,Conwaymouth
Wesley,49,Parksmouth
Amber,55,Port Chelsea
Jacob,41,Bakerstad
James,21,South Rachel
Jeremy,56,Watkinsmouth
Micheal,49,East Wayneside
Teresa,53,Lake Christinastad
Patrick,54,Bakershire
Dana,46,Linchester
Joan,26,Andrewburgh
Deborah,57,Harrisborough
John,36,North Madison
Dean,47,Lake Donaldton
Kevin,43,Brittanyland
Christian,20,New Matthewport
Benjamin,29,West Larrymouth
Robert,50,East Matthewstad
Jacqueline,58,Antonioport
Todd,48,Crystalberg
Andrew,55,Macdonaldfurt
Chris,22,Port Peterton
Christina,28,Garciachester
Ashley,44,East Christophershire
Kerri,33,Curtisport
Cody,52,Brandonstad
Richard,55,Brendastad
Tony,31,Kevinville
Taylor,47,Nicholsfort
Eric,26,Benjaminborough
Joseph,24,Smithview
Christine,58,East Richardfurt
Mike,24,South Jessicaborough
Claudia,41,South Timothy
Kathy,45,North Sarahside
Shannon,49,Bethport
Natalie,40,Richardsonmouth
Scott,36,West Jennifershire
Sabrina,26,Port Katherine
Brenda,55,Reedtown
Chad,60,Lemouth
Andrea,27,Nicholasland
Patrick,38,East Charlesborough
Andre,37,West Matthewbury
Melissa,30,East Shelby
Luis,58,Mitchellbury
Thomas,55,Haleberg
Stephanie,44,North Roy
Katherine,56,Reyesfurt
Mark,57,Jenniferport
John,56,Calhounbury
Jenny,44,Christinaton
William,56,Garcialand
Mario,53,Terrifort
Andrew,41,East Thomas
April,50,North Phillipview
Jeffrey,40,East Larryshire
Stephen,27,Reynoldsborough
Shannon,33,Benjaminstad
Joann,60,Amandaport
Janice,55,Hannahland
Dana,21,Andreaport
Christine,48,South Williamborough
Charles,50,New Jameston
Richard,31,Port Davidborough
Sydney,36,Mirandafort
Curtis,52,Port Frederickshire
Hunter,37,Griffithmouth
Matthew,58,Cynthiafurt
Gene,25,Paulside
Samuel,27,Susantown
Michelle,27,Onealport
Ashley,51,Lopezport
Jason,54,North Coreyfurt
Alan,53,New Davidside
Mark,43,Ronaldport
Benjamin,24,Lake Pamela
Noah,26,Kellerstad
Jenna,51,West Matthewfurt
Kelly,52,Wilsonport
Joseph,31,North Todd
Rebecca,36,North Nicole
Diana,44,Jenniferberg
Christian,49,Millsshire
Kelly,42,Trevorport
John,32,New Ricky
Lisa,49,Port Lisa
Wayne,27,Jennifertown
Kimberly,48,Bryanland
Elizabeth,33,West Thomasberg
Jason,50,Michaelland
Scott,44,West Spencer
Ronnie,59,East Beckystad
Kathleen,40,New Anne
Gary,28,North Gregorytown
Karen,39,Daniellefurt
Antonio,31,Greenfurt
Tasha,38,Joanshire
Shawn,55,Andersonborough
Michael,27,Lake Ricardoport
Kenneth,41,Jacobshaven
Christina,42,Dillonport
Matthew,36,Danashire
Michael,27,South Todd
Tracy,33,South Patrickburgh
Lacey,59,East Mark
Rickey,39,Emilyburgh
David,20,Cantrellville
Samantha,51,Josephborough
Travis,35,Vincentport
Timothy,44,West Elizabethhaven
Pamela,42,Lake Caitlin
Roberta,40,Jonathanfurt
Tamara,38,West Sharon
Miranda,29,Loriville
Logan,31,Harrisburgh
William,36,East Christineland
Zoe,53,North Richardburgh
Carrie,31,Blevinsborough
William,37,Lake Robertohaven
Melissa,56,Grayland
Kristin,39,Dylanfort
Matthew,53,Port Jasonport
Anna,26,Lake Nichole
Barbara,30,North Ronald
Jessica,34,Brucemouth
Amy,30,East Alanshire
Rachel,31,Lake Jonathanview
Francisco,56,West Christy
Ruben,60,West Mercedes
Justin,33,Thompsonmouth
Robert,35,Danielburgh
Susan,22,East Kathryn
David,36,New Richardmouth
Robert,59,New Alexanderfurt
Samantha,38,North Michelleburgh
Erin,27,North Jessicachester
Heather,58,Stephanieshire
Judith,59,Port Lindsay
Rhonda,43,North Raymond
Mary,53,Millerfort
Nathaniel,37,Martinezview
Danielle,23,Port Edward
Jennifer,58,Joshuaborough
Jennifer,22,Allenburgh
John,42,Bradshawtown
Judith,25,New Karenhaven
Michael,40,Deniseport
Scott,30,Kyleberg
Monica,23,Priceton
Stephen,37,East Laurafort
Patty,32,South Kevin
Todd,26,Fernandezfurt
Nathan,45,Smithbury
Anne,35,Peterberg
Lynn,29,South Carolchester
Joseph,27,Katieshire
Alexandra,44,West Teresa
Jacqueline,59,Port David
Jeffrey,60,East Brittanyside
Wanda,35,North Staceyberg
Karen,44,Lake Michael
Barbara,39,Lake Michelleburgh
Kevin,29,Hobbsmouth
Richard,54,West Juliechester
Jeremy,30,Roblesberg
Jacob,39,New John
Becky,51,Port Brianna
Phillip,40,South Cynthiatown
George,26,Markfort
Jacob,45,West Eric
Katie,30,East Jeffreyfort
Jacqueline,54,Ericview
Willie,44,North Scottport
Pamela,46,Quinnton
Katherine,39,Port Sylvia
Randy,49,East Victorchester
Sarah,52,Lake Nathanielmouth
Karen,43,Davidchester
Devin,42,Johnside
Melanie,48,Lake Cynthiamouth
Rachel,45,North Rebecca
Debra,27,Melissaview
Michelle,55,Lake Earlview
Sherri,22,Tonystad
Johnny,25,North Jennifer
Robin,40,Richardsfurt
Melissa,41,North Nathanport
Frank,36,Christopherton
Christopher,22,North Meganland
Manuel,47,East Lisaville
Sandra,39,Tranton
Scott,47,North Jamestown
Heidi,40,Caitlinburgh
Christina,59,New Patrick
Nicholas,40,Ryanmouth
Dean,46,West Sarahstad
Jeffrey,44,Jamesville
Ryan,57,East Melissa
Thomas,56,Mcmillanview
Melissa,27,Ashleyport
Madison,29,East Amyville
Kristen,26,Georgefort
Patricia,46,Lake Rachel
Courtney,58,Port Jefferyport
Reginald,47,East Jamieshire
Robert,27,Hawkinsberg
Stephanie,22,West Timothy
Ariana,35,Jesseland
Mary,30,Melissaland
John,24,Castilloville
Mariah,25,Lake Douglas
Bridget,41,South Ashley
Tammy,21,Port Suzanneside
Jessica,31,Watkinsfurt
Kristen,58,Richardsville
James,28,Scottchester
Pamela,22,Charlesfurt
Monica,28,North Renee
Travis,30,New Chloechester
Rachael,24,Jonesview
Lindsey,24,Cherylchester
Ashley,20,Natalieview
Kelly,43,Kathrynmouth
Meghan,51,Lake Michaelchester
Monica,50,Burnsport
Jennifer,49,Port Nicole
Kenneth,46,Gonzalezton
Derrick,33,Thomasland
Anthony,51,Woodsfort
Tiffany,49,West Jenniferfurt
Travis,37,East Laurafort
Danielle,50,Port Kyle
Darren,25,East Tiffany
Geoffrey,38,Hannahmouth
Donald,37,East Rebeccabury
Paul,27,Silvaborough
Krystal,36,Stewartstad
Nathan,44,West Loribury
Thomas,20,Hoffmantown
Eduardo,28,South Kristin
Gabriel,30,North Christinechester
Cynthia,23,Kelseyton
Morgan,34,East Brianburgh
Kathleen,47,Deborahstad
Mark,25,Schultztown
David,34,East Scott
Emily,21,New Sheritown
George,35,Lake Bryan
Gabriel,36,Port Sherry
Daniel,60,Wilsonberg
Richard,48,Lake Adamfort
Amy,34,Lake Deborahton
Scott,49,Ericksonview
Toni,28,New Tonyshire
Nicholas,54,Rebeccaville
Kayla,43,Heidiburgh
Mary,33,South Michellestad
Mason,21,Kevinbury
Paul,50,Lake Aliciashire
David,57,New Kristenfort
Jessica,60,Cooperton
April,50,Shortport
Larry,30,Walkerview
Erin,34,New Ashley
Kaylee,41,East Elizabeth
Lisa,45,Port Scottton
Thomas,58,West Antonioburgh
Nancy,20,North Thomas
John,30,East Nicholasland
Charles,40,Julietown
Diane,59,Brownborough
Jocelyn,28,North Nathaniel
Matthew,28,Pricemouth
Andrea,41,Rodgersville
Matthew,48,Hayesmouth
James,33,Port Jamesport
Jesse,30,West Kristinatown
Steven,37,New Andreaburgh
Jacob,34,Joannamouth
James,47,Lake Lindatown
Kelly,41,South Jacquelineshire
Jennifer,51,Ronaldside
Patricia,35,West Jeff
Carlos,46,Michaelton
Jeanne,48,Mcdowellport
Anthony,26,Shawnland
Jacob,25,New Lauraberg
David,59,Brianburgh
Crystal,34,North Karenborough
John,32,New Larry
Brittney,21,Kellyville
Sarah,25,Fordhaven
Richard,42,North Michaelfort
Michael,25,Rodgersview
Joseph,47,Lake Ashleystad
Robert,32,Hughesberg
Mary,59,New Kristen
Jared,59,Younghaven
Beverly,49,South Jessica
Amanda,20,Gutierrezstad
Steven,49,Lovefort
Brian,51,Port Amandaview
Nicholas,59,Toniland
Lori,43,Sanchezmouth
Erik,40,North Juanville
Jennifer,55,Wallaceland
Christopher,53,New Larryside
Mary,38,Levineburgh
Edward,44,West Pamela
Daniel,20,Dunnmouth
Lee,34,Whiteview
Danielle,37,Fowlerborough
Nancy,37,Port Michael
Alexandra,33,Phillipsberg
Scott,37,Port Laura
Denise,47,Mccormickborough
Michael,21,North Savannah
Chad,20,East Zacharyland
Melissa,35,Colleenside
Mark,55,Port Lindsay
Erica,22,Nicholeport
John,35,Tyroneville
Danielle,23,South Alexanderport
Jeremy,34,Harmonview
Sheila,60,Richardsbury
Andrew,43,South Crystal
Lori,60,Wilsonchester
Anita,34,Port David
Kelsey,31,Rivasborough
Shane,51,Hammondmouth
Kayla,53,Millershire
Christopher,52,East David
Darren,35,Millerfurt
William,43,Wilkinston
Jerry,22,South Ericmouth
Virginia,48,East Pamelahaven
Charles,31,East Kylemouth
James,60,New Deanchester
Mary,60,Michelechester
Laura,27,Ortegamouth
Veronica,39,New Paulhaven
Sergio,42,North Calvin
Ryan,51,South Deborah
Amanda,59,Snyderburgh
Elizabeth,42,New Paulbury
Dawn,45,Evansview
Lisa,24,Johnland
Megan,24,Stevenmouth
Elizabeth,32,West Christine
Karen,22,Andrewbury
Jason,28,Garciachester
Walter,32,Fordborough
Melanie,49,Port Morgan
David,22,New Emma
Francisco,23,North Nicole
James,29,Port Lindsey
Patricia,58,Lake Danielview
Lisa,35,Lambland
Crystal,60,Lake Garyhaven
Jenna,35,East Eric
Thomas,59,Williamberg
Tiffany,38,East Mary
Michael,57,Carrview
Jasmine,27,South Vanessabury
Ann,60,Charlestown
Jake,40,Amychester
Donna,48,East Leslieberg
Ashley,47,North Eugene
Pamela,55,Morganview
Joshua,48,Johnburgh
Steven,20,Port Hannah
Paula,35,East Jasonmouth
Peter,40,Port Judithville
Heather,60,Garrisonhaven
Diana,45,Anthonyfurt
Tanvir,22,Dinajpur
King ,22,Cox's Bazar
